"","address","flat_type","floor_area_sqm","ind","storey_index","floor","unit"
"1","239 Bukit Batok East Avenue 5","HDB 3 Room",67,104,4,11,10
"2","215 Bukit Batok Street 21","HDB 3 Room",67,105,1,2,10
"3","305 Bukit Batok Street 31","HDB 3 Room",68,106,3,8,10
"4","363 Bukit Batok Street 31","HDB 3 Room",68,107,2,5,10
"5","312 Bukit Batok Street 32","HDB 3 Room",68,108,4,11,10
"6","504 Bukit Batok Street 52","HDB 3 Room",69,109,3,8,10
"7","540 Bukit Batok Street 52","HDB 3 Room",73,110,3,8,10
"8","504 Bukit Batok Street 52","HDB 3 Room",60,111,3,8,10
"9","507 Bukit Batok Street 52","HDB 3 Room",60,112,2,5,10
"10","408 Bukit Batok West Avenue 4","HDB 3 Room",68,113,3,8,10
"11","168 Bukit Batok West Avenue 8","HDB 3 Room",74,114,2,5,10
"12","235 Bukit Batok East Avenue 5","HDB 3 Room",93,115,4,11,10
"13","160 Bukit Batok Street 11","HDB 3 Room",105,116,2,5,10
"14","296b Bukit Batok Street 22","HDB 3 Room",92,117,9,26,10
"15","296b Bukit Batok Street 22","HDB 3 Room",92,118,2,5,10
"16","289e Bukit Batok Street 25","HDB 3 Room",100,119,4,11,10
"17","308 Bukit Batok Street 31","HDB 3 Room",93,120,4,11,10
"18","316 Bukit Batok Street 32","HDB 3 Room",93,121,4,11,10
"19","183 Bukit Batok West Avenue 8","HDB 3 Room",91,122,3,8,10
"20","216 Bukit Batok Street 21","HDB 3 Room",121,123,1,2,10
"21","203 Bukit Batok Street 21","HDB 3 Room",133,124,3,8,10
"22","288a Bukit Batok Street 25","HDB 3 Room",122,125,2,5,10
"23","288b Bukit Batok Street 25","HDB 3 Room",122,126,2,5,10
"24","325 Bukit Batok Street 33","HDB 3 Room",122,127,1,2,10
"25","419 Bukit Batok West Avenue 2","HDB 3 Room",120,128,2,5,10
"26","392 Bukit Batok West Avenue 5","HDB 3 Room",118,129,9,26,10
"27","115 Bukit Batok West Avenue 6","HDB 3 Room",132,130,6,17,10
"28","194a Bukit Batok West Avenue 6","HDB 3 Room",112,131,3,8,10
"29","194a Bukit Batok West Avenue 6","HDB 3 Room",115,132,3,8,10
"30","121 Bukit Batok Central","HDB Executive",155,133,4,11,10
"31","218 Bukit Batok Street 21","HDB Executive",156,134,1,2,10
"32","366 Bukit Batok Street 31","HDB Executive",144,135,1,2,10
"33","405 Bukit Batok West Avenue 7","HDB Executive",152,136,2,5,10
"34","7 Telok Blangah Crescent","HDB 3 Room",31,137,3,8,10
"35","48 Moh Guan Ter","HDB 3 Room",64,138,1,2,10
"36","40 Beo Crescent","HDB 3 Room",59,139,3,8,10
"37","105a Depot Road","HDB 3 Room",67,140,3,8,10
"38","4 Jalan Bukit Ho Swee","HDB 3 Room",59,141,2,5,10
"39","28 Jalan Bukit Merah","HDB 3 Room",60,142,3,8,10
"40","42 Kim Cheng Street","HDB 3 Room",88,143,1,2,10
"41","130 Kim Tian Road","HDB 3 Room",76,144,4,11,10
"42","27 Lim Liak Street","HDB 3 Room",75,145,1,2,10
"43","16 Taman Ho Swee","HDB 3 Room",54,146,3,8,10
"44","1 Telok Blangah Crescent","HDB 3 Room",66,147,4,11,10
"45","44 Telok Blangah Drive","HDB 3 Room",65,148,2,5,10
"46","32 Telok Blangah Rise","HDB 3 Room",70,149,3,8,10
"47","33 Telok Blangah Way","HDB 3 Room",59,150,4,11,10
"48","8b Boon Tiong Road","HDB 3 Room",100,151,7,20,10
"49","110a Depot Road","HDB 3 Room",92,152,9,26,10
"50","110a Depot Road","HDB 3 Room",92,153,6,17,10
"51","53 Havelock Road","HDB 3 Room",94,154,5,14,10
"52","55 Havelock Road","HDB 3 Room",89,155,12,35,10
"53","118a Jalan Membina","HDB 3 Room",90,156,7,20,10
"54","118a Jalan Membina","HDB 3 Room",91,157,5,14,10
"55","131b Kim Tian Road","HDB 3 Room",90,158,4,11,10
"56","73a Redhill Road","HDB 3 Room",100,159,8,23,10
"57","14a Telok Blangah Crescent","HDB 3 Room",99,160,2,5,10
"58","51 Telok Blangah Drive","HDB 3 Room",92,161,2,5,10
"59","70a Telok Blangah Heights","HDB 3 Room",93,162,6,17,10
"60","56 Telok Blangah Heights","HDB 3 Room",91,163,4,11,10
"61","63 Telok Blangah Heights","HDB 3 Room",98,164,2,5,10
"62","70c Telok Blangah Heights","HDB 3 Room",93,165,8,23,10
"63","86 Telok Blangah Heights","HDB 3 Room",90,166,4,11,10
"64","34 Telok Blangah Way","HDB 3 Room",82,167,1,2,10
"65","1 Delta Avenue","HDB 3 Room",119,168,7,20,10
"66","19 Jalan Membina","HDB 3 Room",110,169,8,23,10
"67","8 Kim Tian Place","HDB 3 Room",131,170,8,23,10
"68","119c Kim Tian Road","HDB 3 Room",110,171,9,26,10
"69","48 Lengkok Bahru","HDB 3 Room",122,172,2,5,10
"70","74 Telok Blangah Heights","HDB 3 Room",117,173,2,5,10
"71","74 Telok Blangah Heights","HDB 3 Room",117,174,3,8,10
"72","417 Clementi Avenue 1","HDB 3 Room",73,285,5,14,10
"73","364 Clementi Avenue 2","HDB 3 Room",67,286,1,2,10
"74","312a Clementi Avenue 4","HDB 3 Room",69,287,6,17,10
"75","304 Clementi Avenue 4","HDB 3 Room",82,288,3,8,10
"76","346 Clementi Avenue 5","HDB 3 Room",67,289,1,2,10
"77","379 Clementi Avenue 5","HDB 3 Room",82,290,3,8,10
"78","208b Clementi Avenue 6","HDB 3 Room",68,291,8,23,10
"79","612 Clementi West Street 1","HDB 3 Room",74,292,1,2,10
"80","607 Clementi West Street 1","HDB 3 Room",82,293,3,8,10
"81","714 Clementi West Street 2","HDB 3 Room",67,294,2,5,10
"82","421 Clementi Avenue 1","HDB 3 Room",92,295,3,8,10
"83","457 Clementi Avenue 3","HDB 3 Room",90,296,2,5,10
"84","440c Clementi Avenue 3","HDB 3 Room",94,297,12,35,10
"85","312c Clementi Avenue 4","HDB 3 Room",93,298,8,23,10
"86","311c Clementi Avenue 4","HDB 3 Room",82,299,12,35,10
"87","208b Clementi Avenue 6","HDB 3 Room",93,300,8,23,10
"88","208b Clementi Avenue 6","HDB 3 Room",93,301,4,11,10
"89","118 Clementi Street 13","HDB 3 Room",104,302,5,14,10
"90","117 Clementi Street 13","HDB 3 Room",104,303,3,8,10
"91","512 West Coast Drive","HDB 3 Room",92,304,2,5,10
"92","413 C'wealth Avenue West","HDB 3 Room",125,305,3,8,10
"93","416 Clementi Avenue 1","HDB 3 Room",113,306,10,29,10
"94","357 Clementi Avenue 2","HDB 3 Room",117,307,3,8,10
"95","311c Clementi Avenue 4","HDB 3 Room",105,308,4,11,10
"96","605 Clementi West Street 1","HDB 3 Room",119,309,4,11,10
"97","201 Clementi Avenue 6","HDB Executive",150,310,2,5,10
"98","116 Clementi Street 13","HDB Executive",149,311,1,2,10
"99","187 Boon Lay Avenue","HDB 3 Room",59,413,4,11,10
"100","185 Boon Lay Avenue","HDB 3 Room",59,414,5,14,10
"101","211 Boon Lay Place","HDB 3 Room",65,415,4,11,10
"102","208 Boon Lay Place","HDB 3 Room",65,416,5,14,10
"103","484 Jurong West Avenue 1","HDB 3 Room",67,417,3,8,10
"104","697b Jurong West Central 3","HDB 3 Room",68,418,2,5,10
"105","480 Jurong West Street 41","HDB 3 Room",67,419,4,11,10
"106","520 Jurong West Street 52","HDB 3 Room",74,420,2,5,10
"107","218b Boon Lay Avenue","HDB 3 Room",94,421,2,5,10
"108","273c Jurong West Avenue 3","HDB 3 Room",90,422,1,2,10
"109","685c Jurong West Central 1","HDB 3 Room",93,423,4,11,10
"110","695 Jurong West Central 1","HDB 3 Room",104,424,3,8,10
"111","272a Jurong West Street 24","HDB 3 Room",93,425,5,14,10
"112","464 Jurong West Street 41","HDB 3 Room",106,426,2,5,10
"113","450 Jurong West Street 42","HDB 3 Room",103,427,1,2,10
"114","420 Jurong West Street 42","HDB 3 Room",88,428,2,5,10
"115","515 Jurong West Street 52","HDB 3 Room",107,429,1,2,10
"116","668a Jurong West Street 64","HDB 3 Room",86,430,4,11,10
"117","718 Jurong West Street 71","HDB 3 Room",107,431,4,11,10
"118","717 Jurong West Street 71","HDB 3 Room",107,432,1,2,10
"119","820 Jurong West Street 81","HDB 3 Room",109,433,1,2,10
"120","348 Kang Ching Road","HDB 3 Room",102,434,3,8,10
"121","352 Kang Ching Road","HDB 3 Room",102,435,1,2,10
"122","138c Yuan Ching Road","HDB 3 Room",91,436,2,5,10
"123","175b Yung Kuang Road","HDB 3 Room",93,437,5,14,10
"124","218c Boon Lay Avenue","HDB 3 Room",114,438,5,14,10
"125","196b Boon Lay Drive","HDB 3 Room",113,439,5,14,10
"126","272c Jurong West Street 24","HDB 3 Room",112,440,6,17,10
"127","416 Jurong West Street 42","HDB 3 Room",136,441,4,11,10
"128","551 Jurong West Street 42","HDB 3 Room",134,442,1,2,10
"129","650b Jurong West Street 61","HDB 3 Room",109,443,4,11,10
"130","653a Jurong West Street 61","HDB 3 Room",110,444,3,8,10
"131","661c Jurong West Street 64","HDB 3 Room",110,445,2,5,10
"132","678c Jurong West Street 64","HDB 3 Room",110,446,4,11,10
"133","678c Jurong West Street 64","HDB 3 Room",110,447,5,14,10
"134","759 Jurong West Street 74","HDB 3 Room",123,448,1,2,10
"135","825 Jurong West Street 81","HDB 3 Room",128,449,2,5,10
"136","933 Jurong West Street 91","HDB 3 Room",127,450,3,8,10
"137","909 Jurong West Street 91","HDB 3 Room",122,451,3,8,10
"138","138b Yuan Ching Road","HDB 3 Room",105,452,7,20,10
"139","138c Yuan Ching Road","HDB 3 Room",108,453,2,5,10
"140","626 Jurong West Street 65","HDB Executive",130,454,4,11,10
"141","626 Jurong West Street 65","HDB Executive",130,455,5,14,10
"142","830 Jurong West Street 81","HDB Executive",146,456,1,2,10
"143","841 Jurong West Street 81","HDB Executive",147,457,4,11,10
"144","906 Jurong West Street 91","HDB Executive",141,458,2,5,10
"145","163 Yung Ping Road","HDB Executive",148,459,1,2,10
"146","334c Anchorvale Crescent","HDB 3 Room",67,672,4,11,10
"147","286c Compassvale Crescent","HDB 3 Room",68,673,1,2,10
"148","211d Compassvale Lane","HDB 3 Room",68,674,5,14,10
"149","418a Fernvale Link","HDB 3 Room",68,675,4,11,10
"150","445a Fernvale Road","HDB 3 Room",68,676,2,5,10
"151","436c Fernvale Road","HDB 3 Room",70,677,5,14,10
"152","453d Fernvale Road","HDB 3 Room",67,678,6,17,10
"153","180a Rivervale Crescent","HDB 3 Room",67,679,3,8,10
"154","304a Anchorvale Link","HDB 3 Room",90,680,2,5,10
"155","332c Anchorvale Link","HDB 3 Room",92,681,6,17,10
"156","303b Anchorvale Link","HDB 3 Room",86,682,3,8,10
"157","309b Anchorvale Road","HDB 3 Room",95,683,3,8,10
"158","317d Anchorvale Road","HDB 3 Room",92,684,1,2,10
"159","329a Anchorvale Street","HDB 3 Room",93,685,3,8,10
"160","287c Compassvale Crescent","HDB 3 Room",93,686,5,14,10
"161","286a Compassvale Crescent","HDB 3 Room",93,687,4,11,10
"162","289a Compassvale Crescent","HDB 3 Room",93,688,5,14,10
"163","286c Compassvale Crescent","HDB 3 Room",93,689,4,11,10
"164","286c Compassvale Crescent","HDB 3 Room",93,690,4,11,10
"165","287c Compassvale Crescent","HDB 3 Room",93,691,3,8,10
"166","204b Compassvale Drive","HDB 3 Room",90,692,3,8,10
"167","212a Compassvale Drive","HDB 3 Room",95,693,4,11,10
"168","212a Compassvale Drive","HDB 3 Room",95,694,2,5,10
"169","211d Compassvale Lane","HDB 3 Room",95,695,6,17,10
"170","211c Compassvale Lane","HDB 3 Room",95,696,5,14,10
"171","211b Compassvale Lane","HDB 3 Room",93,697,3,8,10
"172","207b Compassvale Lane","HDB 3 Room",92,698,2,5,10
"173","211d Compassvale Lane","HDB 3 Room",93,699,2,5,10
"174","277c Compassvale Link","HDB 3 Room",90,700,2,5,10
"175","257b Compassvale Road","HDB 3 Room",90,701,4,11,10
"176","298b Compassvale Street","HDB 3 Room",94,702,2,5,10
"177","403a Fernvale Lane","HDB 3 Room",93,703,2,5,10
"178","405c Fernvale Lane","HDB 3 Room",93,704,1,2,10
"179","470a Fernvale Link","HDB 3 Room",93,705,7,20,10
"180","467b Fernvale Link","HDB 3 Room",93,706,7,20,10
"181","440a Fernvale Link","HDB 3 Room",92,707,4,11,10
"182","470a Fernvale Link","HDB 3 Room",93,708,6,17,10
"183","416b Fernvale Link","HDB 3 Room",93,709,4,11,10
"184","414a Fernvale Link","HDB 3 Room",93,710,3,8,10
"185","408c Fernvale Road","HDB 3 Room",95,711,8,23,10
"186","410c Fernvale Road","HDB 3 Room",96,712,6,17,10
"187","453b Fernvale Road","HDB 3 Room",92,713,7,20,10
"188","443b Fernvale Road","HDB 3 Room",94,714,8,23,10
"189","471c Fernvale Street","HDB 3 Room",93,715,2,5,10
"190","184c Rivervale Crescent","HDB 3 Room",85,716,6,17,10
"191","162a Rivervale Crescent","HDB 3 Room",93,717,2,5,10
"192","185d Rivervale Crescent","HDB 3 Room",85,718,2,5,10
"193","185c Rivervale Crescent","HDB 3 Room",90,719,5,14,10
"194","162b Rivervale Crescent","HDB 3 Room",93,720,5,14,10
"195","121a Rivervale Drive","HDB 3 Room",91,721,5,14,10
"196","124b Rivervale Drive","HDB 3 Room",90,722,6,17,10
"197","271c Sengkang Central","HDB 3 Room",93,723,1,2,10
"198","279b Sengkang East Avenue","HDB 3 Room",92,724,3,8,10
"199","200a Sengkang East Road","HDB 3 Room",90,725,4,11,10
"200","325a Sengkang East Way","HDB 3 Room",90,726,1,2,10
"201","260d Sengkang East Way","HDB 3 Room",90,727,4,11,10
"202","332c Anchorvale Link","HDB 3 Room",112,728,5,14,10
"203","315c Anchorvale Road","HDB 3 Room",110,729,1,2,10
"204","289a Compassvale Crescent","HDB 3 Room",113,730,5,14,10
"205","212b Compassvale Drive","HDB 3 Room",118,731,3,8,10
"206","206a Compassvale Lane","HDB 3 Room",122,732,4,11,10
"207","206c Compassvale Lane","HDB 3 Room",123,733,2,5,10
"208","246 Compassvale Road","HDB 3 Room",115,734,1,2,10
"209","257a Compassvale Road","HDB 3 Room",110,735,2,5,10
"210","262a Compassvale Street","HDB 3 Room",110,736,3,8,10
"211","468c Fernvale Link","HDB 3 Room",113,737,9,26,10
"212","415c Fernvale Link","HDB 3 Room",112,738,4,11,10
"213","408a Fernvale Road","HDB 3 Room",115,739,5,14,10
"214","155 Rivervale Crescent","HDB 3 Room",110,740,1,2,10
"215","183c Rivervale Crescent","HDB 3 Room",110,741,2,5,10
"216","116c Rivervale Drive","HDB 3 Room",115,742,2,5,10
"217","186b Rivervale Drive","HDB 3 Room",110,743,4,11,10
"218","133 Rivervale Street","HDB 3 Room",122,744,3,8,10
"219","125 Rivervale Street","HDB 3 Room",121,745,4,11,10
"220","141 Rivervale Street","HDB 3 Room",120,746,1,2,10
"221","109 Rivervale Walk","HDB 3 Room",120,747,2,5,10
"222","200a Sengkang East Road","HDB 3 Room",110,748,3,8,10
"223","261a Sengkang East Way","HDB 3 Room",110,749,4,11,10
"224","469b Sengkang West Way","HDB 3 Room",113,750,4,11,10
"225","433b Sengkang West Way","HDB 3 Room",113,751,3,8,10
"226","307b Anchorvale Road","HDB Executive",125,752,5,14,10
"227","299c Compassvale Street","HDB Executive",136,753,2,5,10
"228","143 Rivervale Drive","HDB Executive",140,754,4,11,10
"229","189c Rivervale Drive","HDB Executive",130,755,1,2,10
"230","143 Rivervale Drive","HDB Executive",135,756,4,11,10
"231","879b Tampines Avenue 8","HDB 3 Room",68,769,5,14,10
"232","879b Tampines Avenue 8","HDB 3 Room",68,770,4,11,10
"233","868c Tampines Avenue 8","HDB 3 Room",67,771,2,5,10
"234","878a Tampines Avenue 8","HDB 3 Room",68,772,4,11,10
"235","271 Tampines Street 21","HDB 3 Room",75,773,3,8,10
"236","258 Tampines Street 21","HDB 3 Room",72,774,1,2,10
"237","272 Tampines Street 22","HDB 3 Room",73,775,1,2,10
"238","293 Tampines Street 22","HDB 3 Room",73,776,1,2,10
"239","213 Tampines Street 23","HDB 3 Room",73,777,2,5,10
"240","213 Tampines Street 23","HDB 3 Room",73,778,3,8,10
"241","438 Tampines Street 43","HDB 3 Room",74,779,2,5,10
"242","468 Tampines Street 44","HDB 3 Room",64,780,1,2,10
"243","462 Tampines Street 44","HDB 3 Room",64,781,4,11,10
"244","847 Tampines Street 83","HDB 3 Room",74,782,2,5,10
"245","119 Simei Street 1","HDB 3 Room",104,783,2,5,10
"246","141 Simei Street 2","HDB 3 Room",104,784,4,11,10
"247","890b Tampines Avenue 1","HDB 3 Room",93,785,4,11,10
"248","890b Tampines Avenue 1","HDB 3 Room",93,786,5,14,10
"249","812 Tampines Avenue 4","HDB 3 Room",92,787,1,2,10
"250","395 Tampines Avenue 7","HDB 3 Room",105,788,2,5,10
"251","878b Tampines Avenue 8","HDB 3 Room",93,789,5,14,10
"252","880 Tampines Avenue 8","HDB 3 Room",104,790,2,5,10
"253","520a Tampines Central 8","HDB 3 Room",84,791,3,8,10
"254","164 Tampines Street 12","HDB 3 Room",106,792,2,5,10
"255","163 Tampines Street 12","HDB 3 Room",108,793,4,11,10
"256","259 Tampines Street 21","HDB 3 Room",105,794,3,8,10
"257","260 Tampines Street 21","HDB 3 Room",103,795,4,11,10
"258","251 Tampines Street 21","HDB 3 Room",104,796,3,8,10
"259","296 Tampines Street 22","HDB 3 Room",92,797,1,2,10
"260","284 Tampines Street 22","HDB 3 Room",104,798,2,5,10
"261","384 Tampines Street 32","HDB 3 Room",105,799,1,2,10
"262","322 Tampines Street 33","HDB 3 Room",108,800,4,11,10
"263","423 Tampines Street 41","HDB 3 Room",84,801,4,11,10
"264","489c Tampines Street 45","HDB 3 Room",104,802,4,11,10
"265","498l Tampines Street 45","HDB 3 Room",106,803,2,5,10
"266","741 Tampines Street 72","HDB 3 Room",100,804,5,14,10
"267","735 Tampines Street 72","HDB 3 Room",102,805,3,8,10
"268","838 Tampines Street 82","HDB 3 Room",84,806,4,11,10
"269","866 Tampines Street 83","HDB 3 Room",106,807,4,11,10
"270","167b Simei Lane","HDB 3 Room",107,808,2,5,10
"271","167a Simei Lane","HDB 3 Room",111,809,3,8,10
"272","222 Simei Street 4","HDB 3 Room",122,810,1,2,10
"273","518d Tampines Central 7","HDB 3 Room",109,811,3,8,10
"274","515c Tampines Central 7","HDB 3 Room",107,812,2,5,10
"275","389 Tampines Street 32","HDB 3 Room",127,813,3,8,10
"276","340 Tampines Street 33","HDB 3 Room",124,814,3,8,10
"277","359 Tampines Street 34","HDB 3 Room",121,815,1,2,10
"278","360 Tampines Street 34","HDB 3 Room",121,816,1,2,10
"279","455 Tampines Street 42","HDB 3 Room",122,817,4,11,10
"280","494c Tampines Street 43","HDB 3 Room",123,818,2,5,10
"281","498h Tampines Street 45","HDB 3 Room",125,819,1,2,10
"282","491h Tampines Street 45","HDB 3 Room",123,820,2,5,10
"283","489b Tampines Street 45","HDB 3 Room",125,821,1,2,10
"284","731 Tampines Street 71","HDB 3 Room",125,822,2,5,10
"285","736 Tampines Street 72","HDB 3 Room",122,823,5,14,10
"286","871c Tampines Street 86","HDB 3 Room",114,824,4,11,10
"287","944 Tampines Avenue 5","HDB Executive",146,825,4,11,10
"288","230e Tampines Street 24","HDB Executive",148,826,2,5,10
"289","314 Tampines Street 33","HDB Executive",153,827,2,5,10
"290","497f Tampines Street 45","HDB Executive",139,828,1,2,10
"291","739 Tampines Street 72","HDB Executive",141,829,2,5,10
"292","889 Tampines Street 81","HDB Executive",146,830,4,11,10
"293","856f Tampines Street 82","HDB Executive",143,831,3,8,10
"294","863 Tampines Street 83","HDB Executive",154,832,4,11,10
"295","857 Tampines Street 83","HDB Executive",146,833,3,8,10
"296","160 Lorong 1 Toa Payoh","HDB 3 Room",40,834,3,8,10
"297","160 Lorong 1 Toa Payoh","HDB 3 Room",40,835,2,5,10
"298","58 Lorong 4 Toa Payoh","HDB 3 Room",42,836,3,8,10
"299","195 Kim Keat Avenue","HDB 3 Room",66,837,2,5,10
"300","113 Lorong 1 Toa Payoh","HDB 3 Room",65,838,2,5,10
"301","128 Lorong 1 Toa Payoh","HDB 3 Room",67,839,6,17,10
"302","125 Lorong 1 Toa Payoh","HDB 3 Room",67,840,3,8,10
"303","85b Lorong 4 Toa Payoh","HDB 3 Room",68,841,4,11,10
"304","85a Lorong 4 Toa Payoh","HDB 3 Room",68,842,7,20,10
"305","92 Lorong 4 Toa Payoh","HDB 3 Room",60,843,1,2,10
"306","85b Lorong 4 Toa Payoh","HDB 3 Room",68,844,5,14,10
"307","9 Lorong 7 Toa Payoh","HDB 3 Room",66,845,3,8,10
"308","17 Lorong 7 Toa Payoh","HDB 3 Room",67,846,3,8,10
"309","231 Lorong 8 Toa Payoh","HDB 3 Room",65,847,2,5,10
"310","225 Lorong 8 Toa Payoh","HDB 3 Room",65,848,2,5,10
"311","231 Lorong 8 Toa Payoh","HDB 3 Room",65,849,1,2,10
"312","105 Potong Pasir Avenue 1","HDB 3 Room",74,850,2,5,10
"313","104 Potong Pasir Avenue 1","HDB 3 Room",74,851,2,5,10
"314","145 Potong Pasir Avenue 2","HDB 3 Room",74,852,4,11,10
"315","145 Potong Pasir Avenue 2","HDB 3 Room",74,853,3,8,10
"316","207 Toa Payoh North","HDB 3 Room",76,854,3,8,10
"317","15 Joo Seng Road","HDB 3 Room",103,855,1,2,10
"318","138a Lorong 1a Toa Payoh","HDB 3 Room",91,856,14,41,10
"319","122 Lorong 2 Toa Payoh","HDB 3 Room",100,857,4,11,10
"320","84b Lorong 2 Toa Payoh","HDB 3 Room",106,858,3,8,10
"321","142 Lorong 2 Toa Payoh","HDB 3 Room",86,859,5,14,10
"322","146 Lorong 2 Toa Payoh","HDB 3 Room",92,860,12,35,10
"323","80 Lorong 4 Toa Payoh","HDB 3 Room",105,861,2,5,10
"324","227 Lorong 8 Toa Payoh","HDB 3 Room",82,862,3,8,10
"325","213 Lorong 8 Toa Payoh","HDB 3 Room",82,863,1,2,10
"326","79e Toa Payoh Central","HDB 3 Room",76,864,11,32,10
"327","200 Toa Payoh North","HDB 3 Room",87,865,4,11,10
"328","204 Toa Payoh North","HDB 3 Room",87,866,4,11,10
"329","202 Toa Payoh North","HDB 3 Room",87,867,5,14,10
"330","247 Kim Keat Link","HDB 3 Room",125,868,1,2,10
"331","238 Lorong 1 Toa Payoh","HDB 3 Room",120,869,7,20,10
"332","139a Lorong 1a Toa Payoh","HDB 3 Room",114,870,11,32,10
"333","138c Lorong 1a Toa Payoh","HDB 3 Room",117,871,8,23,10
"334","138a Lorong 1a Toa Payoh","HDB 3 Room",117,872,13,38,10
"335","82b Lorong 4 Toa Payoh","HDB 3 Room",121,873,2,5,10
"336","6 Lorong 7 Toa Payoh","HDB 3 Room",121,874,9,26,10
"337","236 Lorong 1 Toa Payoh","HDB Executive",146,875,3,8,10
"338","204 Marsiling Drive","HDB 3 Room",68,876,4,11,10
"339","15 Marsiling Lane","HDB 3 Room",65,877,4,11,10
"340","180b Marsiling Road","HDB 3 Room",66,878,8,23,10
"341","157 Woodlands Street 13","HDB 3 Room",73,879,4,11,10
"342","613 Woodlands Avenue 4","HDB 3 Room",102,880,3,8,10
"343","367 Woodlands Avenue 5","HDB 3 Room",105,881,3,8,10
"344","748 Woodlands Circle","HDB 3 Room",103,882,2,5,10
"345","754 Woodlands Circle","HDB 3 Room",103,883,2,5,10
"346","776 Woodlands Crescent","HDB 3 Room",101,884,1,2,10
"347","579 Woodlands Drive 16","HDB 3 Room",91,885,1,2,10
"348","575 Woodlands Drive 16","HDB 3 Room",86,886,2,5,10
"349","897a Woodlands Drive 50","HDB 3 Room",100,887,3,8,10
"350","889a Woodlands Drive 50","HDB 3 Room",93,888,3,8,10
"351","554 Woodlands Drive 53","HDB 3 Room",95,889,2,5,10
"352","712 Woodlands Drive 70","HDB 3 Room",102,890,1,2,10
"353","684b Woodlands Drive 73","HDB 3 Room",101,891,2,5,10
"354","687b Woodlands Drive 75","HDB 3 Room",94,892,4,11,10
"355","632 Woodlands Ring Road","HDB 3 Room",102,893,1,2,10
"356","640 Woodlands Ring Road","HDB 3 Room",102,894,2,5,10
"357","105 Woodlands Street 13","HDB 3 Room",91,895,5,14,10
"358","870 Woodlands Street 81","HDB 3 Room",111,896,4,11,10
"359","9 Marsiling Drive","HDB 3 Room",117,897,3,8,10
"360","350 Woodlands Avenue 3","HDB 3 Room",122,898,3,8,10
"361","846 Woodlands Avenue 4","HDB 3 Room",132,899,4,11,10
"362","790 Woodlands Avenue 6","HDB 3 Room",121,900,3,8,10
"363","738 Woodlands Circle","HDB 3 Room",121,901,3,8,10
"364","721 Woodlands Circle","HDB 3 Room",122,902,3,8,10
"365","517 Woodlands Drive 14","HDB 3 Room",126,903,2,5,10
"366","507 Woodlands Drive 14","HDB 3 Room",122,904,1,2,10
"367","539 Woodlands Drive 16","HDB 3 Room",115,905,1,2,10
"368","576 Woodlands Drive 16","HDB 3 Room",110,906,2,5,10
"369","890a Woodlands Drive 50","HDB 3 Room",113,907,3,8,10
"370","683c Woodlands Drive 62","HDB 3 Room",120,908,3,8,10
"371","688f Woodlands Drive 75","HDB 3 Room",110,909,4,11,10
"372","690d Woodlands Drive 75","HDB 3 Room",110,910,2,5,10
"373","644 Woodlands Ring Road","HDB 3 Room",122,911,2,5,10
"374","633 Woodlands Ring Road","HDB 3 Room",121,912,3,8,10
"375","644 Woodlands Ring Road","HDB 3 Room",121,913,4,11,10
"376","639 Woodlands Ring Road","HDB 3 Room",120,914,2,5,10
"377","331 Woodlands Avenue 1","HDB Executive",192,915,3,8,10
"378","523 Woodlands Drive 14","HDB Executive",142,916,2,5,10
"379","531 Woodlands Drive 14","HDB Executive",144,917,4,11,10
"380","670 Woodlands Drive 71","HDB Executive",130,918,3,8,10
"381","656 Woodlands Ring Road","HDB Executive",144,919,2,5,10
"382","326 Woodlands Street 32","HDB Executive",164,920,3,8,10
"383","808 Woodlands Street 81","HDB Executive",189,921,4,11,10
"384","233 Bukit Batok East Avenue 5","HDB 3 Room",67,1065,1,2,10
"385","333 Bukit Batok Street 32","HDB 3 Room",64,1066,1,2,10
"386","527 Bukit Batok Street 51","HDB 3 Room",70,1067,1,2,10
"387","420 Bukit Batok West Avenue 2","HDB 3 Room",68,1068,2,5,10
"388","296b Bukit Batok Street 22","HDB 3 Room",92,1069,6,17,10
"389","289f Bukit Batok Street 25","HDB 3 Room",92,1070,2,5,10
"390","288d Bukit Batok Street 25","HDB 3 Room",92,1071,4,11,10
"391","391 Bukit Batok West Avenue 5","HDB 3 Room",86,1072,5,14,10
"392","385 Bukit Batok West Avenue 5","HDB 3 Room",90,1073,5,14,10
"393","383 Bukit Batok West Avenue 5","HDB 3 Room",92,1074,2,5,10
"394","168 Bukit Batok West Avenue 8","HDB 3 Room",103,1075,2,5,10
"395","622 Bukit Batok Central","HDB 3 Room",113,1076,9,26,10
"396","627 Bukit Batok Central","HDB Executive",140,1077,1,2,10
"397","526 Bukit Batok Street 51","HDB Executive",146,1078,3,8,10
"398","20 Jalan Klinik","HDB 3 Room",48,1079,1,2,10
"399","45 Telok Blangah Drive","HDB 3 Room",45,1080,4,11,10
"400","76 Telok Blangah Drive","HDB 3 Room",44,1081,1,2,10
"401","124 Bukit Merah Lane 1","HDB 3 Room",80,1082,1,2,10
"402","6 Jalan Bukit Ho Swee","HDB 3 Room",56,1083,3,8,10
"403","22 Telok Blangah Crescent","HDB 3 Room",70,1084,5,14,10
"404","110a Depot Road","HDB 3 Room",92,1085,2,5,10
"405","104a Depot Road","HDB 3 Room",100,1086,8,23,10
"406","104a Depot Road","HDB 3 Room",100,1087,1,2,10
"407","26d Jalan Membina","HDB 3 Room",90,1088,5,14,10
"408","70c Telok Blangah Heights","HDB 3 Room",93,1089,6,17,10
"409","80c Telok Blangah Street 31","HDB 3 Room",93,1090,4,11,10
"410","6a Boon Tiong Road","HDB 3 Room",115,1091,4,11,10
"411","9 Cantonment Close","HDB 3 Room",110,1092,5,14,10
"412","52 Lengkok Bahru","HDB 3 Room",122,1093,1,2,10
"413","48 Lengkok Bahru","HDB 3 Room",122,1094,3,8,10
"414","73a Redhill Road","HDB 3 Room",115,1095,7,20,10
"415","303 Clementi Avenue 4","HDB 3 Room",67,1157,1,2,10
"416","374 Clementi Avenue 4","HDB 3 Room",68,1158,3,8,10
"417","307 Clementi Avenue 4","HDB 3 Room",67,1159,4,11,10
"418","305 Clementi Avenue 4","HDB 3 Room",67,1160,1,2,10
"419","303 Clementi Avenue 4","HDB 3 Room",82,1161,4,11,10
"420","706 Clementi West Street 2","HDB 3 Room",68,1162,4,11,10
"421","312c Clementi Avenue 4","HDB 3 Room",93,1163,3,8,10
"422","311a Clementi Avenue 4","HDB 3 Room",82,1164,5,14,10
"423","312c Clementi Avenue 4","HDB 3 Room",93,1165,9,26,10
"424","324 Clementi Avenue 5","HDB 3 Room",91,1166,3,8,10
"425","208a Clementi Avenue 6","HDB 3 Room",93,1167,4,11,10
"426","612 Clementi West Street 1","HDB 3 Room",103,1168,4,11,10
"427","414 C'wealth Avenue West","HDB 3 Room",125,1169,4,11,10
"428","613 Clementi West Street 1","HDB 3 Room",133,1170,3,8,10
"429","180a Boon Lay Drive","HDB 3 Room",47,1225,1,2,10
"430","186 Boon Lay Avenue","HDB 3 Room",59,1226,2,5,10
"431","489 Jurong West Avenue 1","HDB 3 Room",73,1227,1,2,10
"432","489 Jurong West Avenue 1","HDB 3 Room",73,1228,4,11,10
"433","511 Jurong West Street 52","HDB 3 Room",74,1229,4,11,10
"434","697a Jurong West Central 3","HDB 3 Room",93,1230,5,14,10
"435","698c Jurong West Central 3","HDB 3 Room",93,1231,2,5,10
"436","459 Jurong West Street 41","HDB 3 Room",103,1232,1,2,10
"437","412 Jurong West Street 42","HDB 3 Room",103,1233,4,11,10
"438","511 Jurong West Street 52","HDB 3 Room",104,1234,4,11,10
"439","661d Jurong West Street 64","HDB 3 Room",91,1235,2,5,10
"440","866 Jurong West Street 81","HDB 3 Room",105,1236,3,8,10
"441","975 Jurong West Street 93","HDB 3 Room",105,1237,1,2,10
"442","218b Boon Lay Avenue","HDB 3 Room",114,1238,3,8,10
"443","200 Boon Lay Drive","HDB 3 Room",121,1239,2,5,10
"444","686a Jurong West Central 1","HDB 3 Room",110,1240,6,17,10
"445","517a Jurong West Street 52","HDB 3 Room",116,1241,5,14,10
"446","653b Jurong West Street 61","HDB 3 Room",111,1242,5,14,10
"447","676b Jurong West Street 64","HDB 3 Room",110,1243,3,8,10
"448","662b Jurong West Street 64","HDB 3 Room",110,1244,1,2,10
"449","659c Jurong West Street 65","HDB 3 Room",110,1245,6,17,10
"450","618 Jurong West Street 65","HDB 3 Room",109,1246,5,14,10
"451","674a Jurong West Street 65","HDB 3 Room",110,1247,5,14,10
"452","670a Jurong West Street 65","HDB 3 Room",110,1248,5,14,10
"453","659a Jurong West Street 65","HDB 3 Room",110,1249,1,2,10
"454","823 Jurong West Street 81","HDB 3 Room",121,1250,2,5,10
"455","358 Yung An Road","HDB 3 Room",128,1251,2,5,10
"456","726 Jurong West Avenue 5","HDB Executive",154,1252,3,8,10
"457","556 Jurong West Street 42","HDB Executive",150,1253,4,11,10
"458","666a Jurong West Street 65","HDB Executive",130,1254,4,11,10
"459","752 Jurong West Street 74","HDB Executive",143,1255,5,14,10
"460","369 Yung An Road","HDB Executive",154,1256,3,8,10
"461","450c Sengkang West Way","HDB 3 Room",46,1383,3,8,10
"462","211c Compassvale Lane","HDB 3 Room",68,1384,2,5,10
"463","470c Fernvale Link","HDB 3 Room",68,1385,3,8,10
"464","453a Fernvale Road","HDB 3 Room",67,1386,3,8,10
"465","439c Sengkang West Avenue","HDB 3 Room",69,1387,2,5,10
"466","432a Sengkang West Way","HDB 3 Room",67,1388,7,20,10
"467","333d Anchorvale Link","HDB 3 Room",92,1389,5,14,10
"468","326d Anchorvale Road","HDB 3 Room",92,1390,2,5,10
"469","274a Compassvale Bow","HDB 3 Room",92,1391,2,5,10
"470","216d Compassvale Drive","HDB 3 Room",92,1392,1,2,10
"471","275a Compassvale Link","HDB 3 Room",90,1393,3,8,10
"472","265c Compassvale Link","HDB 3 Room",92,1394,2,5,10
"473","228b Compassvale Walk","HDB 3 Room",101,1395,1,2,10
"474","430a Fernvale Link","HDB 3 Room",92,1396,3,8,10
"475","440c Fernvale Link","HDB 3 Room",92,1397,7,20,10
"476","470a Fernvale Link","HDB 3 Room",93,1398,2,5,10
"477","430d Fernvale Link","HDB 3 Room",92,1399,3,8,10
"478","430b Fernvale Link","HDB 3 Room",92,1400,2,5,10
"479","436c Fernvale Road","HDB 3 Room",96,1401,9,26,10
"480","411b Fernvale Road","HDB 3 Room",95,1402,5,14,10
"481","453c Fernvale Road","HDB 3 Room",92,1403,8,23,10
"482","445b Fernvale Road","HDB 3 Room",94,1404,6,17,10
"483","153 Rivervale Crescent","HDB 3 Room",90,1405,1,2,10
"484","180c Rivervale Crescent","HDB 3 Room",93,1406,6,17,10
"485","163c Rivervale Crescent","HDB 3 Room",93,1407,5,14,10
"486","183d Rivervale Crescent","HDB 3 Room",85,1408,3,8,10
"487","119a Rivervale Drive","HDB 3 Room",102,1409,3,8,10
"488","197 Rivervale Drive","HDB 3 Room",91,1410,6,17,10
"489","116a Rivervale Drive","HDB 3 Room",95,1411,1,2,10
"490","104 Rivervale Walk","HDB 3 Room",102,1412,2,5,10
"491","282b Sengkang East Avenue","HDB 3 Room",92,1413,5,14,10
"492","325c Sengkang East Way","HDB 3 Room",90,1414,5,14,10
"493","320b Anchorvale Drive","HDB 3 Room",110,1415,2,5,10
"494","330b Anchorvale Street","HDB 3 Room",112,1416,3,8,10
"495","278a Compassvale Bow","HDB 3 Room",113,1417,2,5,10
"496","289a Compassvale Crescent","HDB 3 Room",113,1418,5,14,10
"497","295b Compassvale Crescent","HDB 3 Room",110,1419,4,11,10
"498","287a Compassvale Crescent","HDB 3 Room",113,1420,3,8,10
"499","287c Compassvale Crescent","HDB 3 Room",113,1421,4,11,10
"500","288a Compassvale Crescent","HDB 3 Room",113,1422,2,5,10
"501","216a Compassvale Drive","HDB 3 Room",112,1423,2,5,10
"502","206c Compassvale Lane","HDB 3 Room",122,1424,3,8,10
"503","259c Compassvale Road","HDB 3 Room",110,1425,4,11,10
"504","253 Compassvale Street","HDB 3 Room",115,1426,1,2,10
"505","224b Compassvale Walk","HDB 3 Room",122,1427,6,17,10
"506","468a Fernvale Link","HDB 3 Room",113,1428,3,8,10
"507","471a Fernvale Street","HDB 3 Room",113,1429,5,14,10
"508","183a Rivervale Crescent","HDB 3 Room",110,1430,2,5,10
"509","163b Rivervale Crescent","HDB 3 Room",113,1431,2,5,10
"510","194 Rivervale Drive","HDB 3 Room",111,1432,4,11,10
"511","109 Rivervale Walk","HDB 3 Room",123,1433,6,17,10
"512","282c Sengkang East Avenue","HDB 3 Room",112,1434,5,14,10
"513","282c Sengkang East Avenue","HDB 3 Room",112,1435,3,8,10
"514","137 Rivervale Street","HDB Executive",141,1436,4,11,10
"515","324c Sengkang East Way","HDB Executive",125,1437,2,5,10
"516","909 Tampines Avenue 4","HDB 3 Room",73,1450,3,8,10
"517","524b Tampines Central 7","HDB 3 Room",67,1451,6,17,10
"518","251 Tampines Street 21","HDB 3 Room",74,1452,3,8,10
"519","215 Tampines Street 23","HDB 3 Room",67,1453,4,11,10
"520","418 Tampines Street 41","HDB 3 Room",74,1454,1,2,10
"521","452 Tampines Street 42","HDB 3 Room",64,1455,1,2,10
"522","494d Tampines Street 43","HDB 3 Room",68,1456,5,14,10
"523","847 Tampines Street 83","HDB 3 Room",74,1457,4,11,10
"524","925 Tampines Street 91","HDB 3 Room",73,1458,4,11,10
"525","930 Tampines Street 91","HDB 3 Room",73,1459,1,2,10
"526","914 Tampines Street 91","HDB 3 Room",73,1460,5,14,10
"527","253 Simei Street 1","HDB 3 Room",101,1461,4,11,10
"528","524a Tampines Central 7","HDB 3 Room",93,1462,2,5,10
"529","264 Tampines Street 21","HDB 3 Room",103,1463,2,5,10
"530","237 Tampines Street 21","HDB 3 Room",104,1464,2,5,10
"531","274 Tampines Street 22","HDB 3 Room",105,1465,4,11,10
"532","369 Tampines Street 34","HDB 3 Room",104,1466,4,11,10
"533","450e Tampines Street 42","HDB 3 Room",107,1467,4,11,10
"534","490a Tampines Street 45","HDB 3 Room",107,1468,1,2,10
"535","717 Tampines Street 72","HDB 3 Room",99,1469,5,14,10
"536","852 Tampines Street 82","HDB 3 Room",104,1470,3,8,10
"537","884 Tampines Street 83","HDB 3 Room",103,1471,4,11,10
"538","843 Tampines Street 83","HDB 3 Room",84,1472,2,5,10
"539","913 Tampines Street 91","HDB 3 Room",104,1473,2,5,10
"540","116 Simei Street 1","HDB 3 Room",122,1474,3,8,10
"541","153 Simei Street 1","HDB 3 Room",122,1475,1,2,10
"542","101 Simei Street 1","HDB 3 Room",128,1476,1,2,10
"543","246 Simei Street 5","HDB 3 Room",121,1477,4,11,10
"544","396 Tampines Avenue 7","HDB 3 Room",128,1478,4,11,10
"545","496d Tampines Avenue 9","HDB 3 Room",126,1479,4,11,10
"546","486a Tampines Avenue 9","HDB 3 Room",128,1480,4,11,10
"547","305 Tampines Street 32","HDB 3 Room",126,1481,4,11,10
"548","339 Tampines Street 33","HDB 3 Room",124,1482,2,5,10
"549","453 Tampines Street 42","HDB 3 Room",122,1483,3,8,10
"550","491f Tampines Street 45","HDB 3 Room",124,1484,1,2,10
"551","716 Tampines Street 71","HDB 3 Room",119,1485,1,2,10
"552","705 Tampines Street 71","HDB 3 Room",119,1486,1,2,10
"553","712 Tampines Street 71","HDB 3 Room",119,1487,2,5,10
"554","842e Tampines Street 82","HDB 3 Room",128,1488,3,8,10
"555","871c Tampines Street 86","HDB 3 Room",114,1489,6,17,10
"556","932 Tampines Street 91","HDB 3 Room",132,1490,3,8,10
"557","926 Tampines Street 91","HDB 3 Room",133,1491,1,2,10
"558","858 Tampines Avenue 5","HDB Executive",146,1492,3,8,10
"559","309 Tampines Street 32","HDB Executive",144,1493,4,11,10
"560","52 Lorong 6 Toa Payoh","HDB 3 Room",43,1494,1,2,10
"561","9 Joo Seng Road","HDB 3 Room",68,1495,4,11,10
"562","100 Lorong 1 Toa Payoh","HDB 3 Room",78,1496,2,5,10
"563","111 Lorong 1 Toa Payoh","HDB 3 Room",66,1497,3,8,10
"564","114 Lorong 1 Toa Payoh","HDB 3 Room",65,1498,1,2,10
"565","69 Lorong 4 Toa Payoh","HDB 3 Room",62,1499,2,5,10
"566","59 Lorong 5 Toa Payoh","HDB 3 Room",61,1500,3,8,10
"567","1 Lorong 7 Toa Payoh","HDB 3 Room",67,1501,2,5,10
"568","15 Joo Seng Road","HDB 3 Room",106,1502,2,5,10
"569","43 Lorong 5 Toa Payoh","HDB 3 Room",110,1503,3,8,10
"570","62 Lorong 4 Toa Payoh","HDB 3 Room",120,1504,7,20,10
"571","229 Lorong 8 Toa Payoh","HDB 3 Room",117,1505,9,26,10
"572","215 Lorong 8 Toa Payoh","HDB 3 Room",117,1506,7,20,10
"573","215 Lorong 8 Toa Payoh","HDB 3 Room",117,1507,8,23,10
"574","122 Potong Pasir Avenue 1","HDB 3 Room",135,1508,4,11,10
"575","6 Marsiling Drive","HDB 3 Room",65,1509,4,11,10
"576","204 Marsiling Drive","HDB 3 Room",93,1510,3,8,10
"577","571b Woodlands Avenue 1","HDB 3 Room",92,1511,1,2,10
"578","337 Woodlands Avenue 1","HDB 3 Room",83,1512,1,2,10
"579","537 Woodlands Drive 16","HDB 3 Room",100,1513,3,8,10
"580","547 Woodlands Drive 16","HDB 3 Room",101,1514,2,5,10
"581","605 Woodlands Drive 42","HDB 3 Room",93,1515,4,11,10
"582","889b Woodlands Drive 50","HDB 3 Room",93,1516,3,8,10
"583","897a Woodlands Drive 50","HDB 3 Room",99,1517,1,2,10
"584","896b Woodlands Drive 50","HDB 3 Room",97,1518,1,2,10
"585","622 Woodlands Drive 52","HDB 3 Room",102,1519,2,5,10
"586","659 Woodlands Ring Road","HDB 3 Room",101,1520,1,2,10
"587","668 Woodlands Ring Road","HDB 3 Room",91,1521,4,11,10
"588","429 Woodlands Street 41","HDB 3 Room",104,1522,1,2,10
"589","854 Woodlands Street 83","HDB 3 Room",104,1523,2,5,10
"590","368 Woodlands Avenue 1","HDB 3 Room",123,1524,1,2,10
"591","844 Woodlands Avenue 4","HDB 3 Room",136,1525,3,8,10
"592","752 Woodlands Circle","HDB 3 Room",121,1526,4,11,10
"593","524 Woodlands Drive 14","HDB 3 Room",124,1527,2,5,10
"594","894c Woodlands Drive 50","HDB 3 Room",119,1528,3,8,10
"595","892a Woodlands Drive 50","HDB 3 Room",118,1529,3,8,10
"596","711 Woodlands Drive 70","HDB 3 Room",121,1530,3,8,10
"597","794 Woodlands Drive 72","HDB 3 Room",121,1531,3,8,10
"598","686a Woodlands Drive 73","HDB 3 Room",115,1532,2,5,10
"599","689b Woodlands Drive 75","HDB 3 Room",110,1533,3,8,10
"600","644 Woodlands Ring Road","HDB 3 Room",121,1534,2,5,10
"601","165 Woodlands Street 13","HDB 3 Room",121,1535,3,8,10
"602","139 Marsiling Road","HDB Executive",174,1536,3,8,10
"603","521 Woodlands Drive 14","HDB Executive",148,1537,3,8,10
"604","514 Woodlands Drive 14","HDB Executive",147,1538,3,8,10
"605","635 Woodlands Ring Road","HDB Executive",141,1539,4,11,10
"606","819 Woodlands Street 82","HDB Executive",146,1540,1,2,10
"607","271 Bukit Batok East Avenue 4","HDB 3 Room",64,1596,3,8,10
"608","233 Bukit Batok East Avenue 5","HDB 3 Room",82,1597,3,8,10
"609","393 Bukit Batok West Avenue 5","HDB 3 Room",92,1598,4,11,10
"610","40 Beo Crescent","HDB 3 Room",59,1599,3,8,10
"611","105a Depot Road","HDB 3 Room",67,1600,3,8,10
"612","104a Depot Road","HDB 3 Room",100,1601,3,8,10
"613","126a Kim Tian Road","HDB 3 Room",93,1602,7,20,10
"614","34 Telok Blangah Way","HDB 3 Room",82,1603,4,11,10
"615","22 Jalan Membina","HDB 3 Room",110,1604,2,5,10
"616","76a Redhill Road","HDB 3 Room",115,1605,4,11,10
"617","612 Clementi West Street 1","HDB 3 Room",74,1615,3,8,10
"618","311c Clementi Avenue 4","HDB 3 Room",80,1616,3,8,10
"619","208a Clementi Avenue 6","HDB 3 Room",93,1617,1,2,10
"620","209 Boon Lay Place","HDB 3 Room",65,1632,3,8,10
"621","848 Jurong West Street 81","HDB 3 Room",108,1633,3,8,10
"622","437 Jurong West Avenue 1","HDB 3 Room",134,1634,3,8,10
"623","437 Jurong West Avenue 1","HDB 3 Room",133,1635,4,11,10
"624","272b Jurong West Street 24","HDB 3 Room",112,1636,2,5,10
"625","558 Jurong West Street 42","HDB Executive",150,1637,2,5,10
"626","669b Jurong West Street 64","HDB Executive",130,1638,3,8,10
"627","671b Jurong West Street 65","HDB Executive",126,1639,1,2,10
"628","326c Anchorvale Road","HDB 3 Room",92,1662,1,2,10
"629","216a Compassvale Drive","HDB 3 Room",92,1663,2,5,10
"630","441b Fernvale Road","HDB 3 Room",93,1664,6,17,10
"631","443b Fernvale Road","HDB 3 Room",94,1665,5,14,10
"632","472b Fernvale Street","HDB 3 Room",93,1666,2,5,10
"633","123 Rivervale Drive","HDB 3 Room",101,1667,4,11,10
"634","287a Compassvale Crescent","HDB 3 Room",113,1668,2,5,10
"635","287a Compassvale Crescent","HDB 3 Room",113,1669,3,8,10
"636","236 Compassvale Walk","HDB 3 Room",123,1670,5,14,10
"637","225 Tampines Street 23","HDB 3 Room",73,1673,2,5,10
"638","523c Tampines Central 7","HDB 3 Room",93,1674,6,17,10
"639","126 Simei Street 1","HDB 3 Room",122,1675,3,8,10
"640","141 Simei Street 2","HDB 3 Room",122,1676,1,2,10
"641","860 Tampines Avenue 5","HDB Executive",146,1677,2,5,10
"642","889 Tampines Street 81","HDB Executive",142,1678,1,2,10
"643","141 Lorong 2 Toa Payoh","HDB 3 Room",115,1679,2,5,10
"644","37 Lorong 5 Toa Payoh","HDB 3 Room",117,1680,7,20,10
"645","19 Marsiling Lane","HDB 3 Room",60,1681,2,5,10
"646","518 Woodlands Drive 14","HDB 3 Room",104,1682,4,11,10
"647","520 Woodlands Drive 14","HDB 3 Room",102,1683,1,2,10
"648","896b Woodlands Drive 50","HDB 3 Room",99,1684,1,2,10
"649","644 Woodlands Ring Road","HDB 3 Room",101,1685,3,8,10
"650","335 Woodlands Street 32","HDB 3 Room",83,1686,3,8,10
"651","505 Woodlands Drive 14","HDB 3 Room",123,1687,3,8,10
"652","512 Woodlands Drive 14","HDB Executive",147,1688,2,5,10
"653","849 Woodlands Street 82","HDB Executive",177,1689,4,11,10
"654","869 Woodlands Street 83","HDB Executive",145,1690,1,2,10
